filename,ImageID,url,thumburl,hits,miss,fa,cr,HR,FAR,score,edges,entropy,feature congestion,distinct colors,familiarity,realism,happiness,clutter,interestingness
sci1115.png,I1140,http://web.cse.ohio-state.edu/~li.8950/data/image/sscivis1K/sci1115.png,http://web.cse.ohio-state.edu/~li.8950/data/image/thumbnail/sci1115.png,60,19,1,155,0.7595,0.01,3.19,2.98,1.88,2.13,2,3.2,2.7,4.1,3.1,4.5
sci814.png,I1082,http://web.cse.ohio-state.edu/~li.8950/data/image/sscivis1K/sci814.png,http://web.cse.ohio-state.edu/~li.8950/data/image/thumbnail/sci814.png,54,18,2,149,0.75,0.0132,2.89,1.88,1.96,3.32,2,3.4,3.5,4,3.2,3.7
sci685.png,I1048,http://web.cse.ohio-state.edu/~li.8950/data/image/sscivis1K/sci685.png,http://web.cse.ohio-state.edu/~li.8950/data/image/thumbnail/sci685.png,70,12,5,136,0.8537,0.0355,2.86,5.57,6.76,2.39,3,6.4,5.6,6.4,4.2,6.3
sci334.png,I975,http://web.cse.ohio-state.edu/~li.8950/data/image/sscivis1K/sci334.png,http://web.cse.ohio-state.edu/~li.8950/data/image/thumbnail/sci334.png,56,21,3,145,0.7273,0.0203,2.65,2.36,6.79,1.71,5,5.6,4.1,5.1,4.2,5.9
sci696.png,I1052,http://web.cse.ohio-state.edu/~li.8950/data/image/sscivis1K/sci696.png,http://web.cse.ohio-state.edu/~li.8950/data/image/thumbnail/sci696.png,50,14,5,142,0.7812,0.034,2.6,2.48,5.5,2.11,1,5.6,4.9,5.6,3.7,5.8
sci52.png,I924,http://web.cse.ohio-state.edu/~li.8950/data/image/sscivis1K/sci52.png,http://web.cse.ohio-state.edu/~li.8950/data/image/thumbnail/sci52.png,49,27,2,149,0.6447,0.0132,2.59,7.74,5.31,5.17,5,3.2,4.1,5.3,4.5,5.4
sci926.png,I1112,http://web.cse.ohio-state.edu/~li.8950/data/image/sscivis1K/sci926.png,http://web.cse.ohio-state.edu/~li.8950/data/image/thumbnail/sci926.png,63,23,4,155,0.7326,0.0252,2.58,11.01,4.61,8.24,2,4.2,4.3,4.1,4.3,5.1
sci570.png,I1020,http://web.cse.ohio-state.edu/~li.8950/data/image/sscivis1K/sci570.png,http://web.cse.ohio-state.edu/~li.8950/data/image/thumbnail/sci570.png,57,12,8,149,0.8261,0.051,2.57,7.23,4.65,2.09,3,5.5,4.9,5.3,4.6,4.6
sci164.png,I948,http://web.cse.ohio-state.edu/~li.8950/data/image/sscivis1K/sci164.png,http://web.cse.ohio-state.edu/~li.8950/data/image/thumbnail/sci164.png,49,28,2,146,0.6364,0.0135,2.56,4.6,5.36,2.63,3,4.3,4.5,4.3,4.9,5
sci424.png,I992,http://web.cse.ohio-state.edu/~li.8950/data/image/sscivis1K/sci424.png,http://web.cse.ohio-state.edu/~li.8950/data/image/thumbnail/sci424.png,56,20,4,142,0.7368,0.0274,2.55,19.46,6.4,8.01,3,4.7,4.6,4.8,5.4,4.6
sci447.png,I998,http://web.cse.ohio-state.edu/~li.8950/data/image/sscivis1K/sci447.png,http://web.cse.ohio-state.edu/~li.8950/data/image/thumbnail/sci447.png,48,22,3,146,0.6857,0.0201,2.54,6.06,4.47,2.44,1,5.1,5.3,4,3.5,4.2
sci543.png,I1013,http://web.cse.ohio-state.edu/~li.8950/data/image/sscivis1K/sci543.png,http://web.cse.ohio-state.edu/~li.8950/data/image/thumbnail/sci543.png,51,19,4,139,0.7286,0.028,2.52,4.13,4.68,2.41,2,4.6,5,3.9,3.8,3.8
sci1122.png,I1141,http://web.cse.ohio-state.edu/~li.8950/data/image/sscivis1K/sci1122.png,http://web.cse.ohio-state.edu/~li.8950/data/image/thumbnail/sci1122.png,59,14,7,132,0.8082,0.0504,2.51,3.61,2.87,1.52,2,5.2,4.7,4.1,3.3,4.6
sci156.png,I945,http://web.cse.ohio-state.edu/~li.8950/data/image/sscivis1K/sci156.png,http://web.cse.ohio-state.edu/~li.8950/data/image/thumbnail/sci156.png,53,22,4,141,0.7067,0.0276,2.46,9.59,6.84,2.78,3,4.6,4.9,4.4,4.6,5.2
sci198.png,I954,http://web.cse.ohio-state.edu/~li.8950/data/image/sscivis1K/sci198.png,http://web.cse.ohio-state.edu/~li.8950/data/image/thumbnail/sci198.png,65,23,6,160,0.7386,0.0361,2.44,6.36,4.5,4.34,6,4.4,4.6,4.4,4.4,5.2
sci833.png,I1086,http://web.cse.ohio-state.edu/~li.8950/data/image/sscivis1K/sci833.png,http://web.cse.ohio-state.edu/~li.8950/data/image/thumbnail/sci833.png,52,14,7,132,0.7879,0.0504,2.44,2.32,4.6,2.96,1,5.1,3.2,3.9,3.1,4.1
sci836.png,I1087,http://web.cse.ohio-state.edu/~li.8950/data/image/sscivis1K/sci836.png,http://web.cse.ohio-state.edu/~li.8950/data/image/thumbnail/sci836.png,59,27,4,154,0.686,0.0253,2.44,12.05,5.54,4.7,2,5.7,5.1,4.3,4.9,4.8
sci582.png,I1022,http://web.cse.ohio-state.edu/~li.8950/data/image/sscivis1K/sci582.png,http://web.cse.ohio-state.edu/~li.8950/data/image/thumbnail/sci582.png,53,11,10,126,0.8281,0.0735,2.4,6.53,6.02,2.46,2,5.3,4.6,4.9,5.1,4.7
sci599.png,I1028,http://web.cse.ohio-state.edu/~li.8950/data/image/sscivis1K/sci599.png,http://web.cse.ohio-state.edu/~li.8950/data/image/thumbnail/sci599.png,48,19,5,130,0.7164,0.037,2.36,10.65,5.87,4.43,2,5,4.6,5.3,5.3,5.2
sci799.png,I1075,http://web.cse.ohio-state.edu/~li.8950/data/image/sscivis1K/sci799.png,http://web.cse.ohio-state.edu/~li.8950/data/image/thumbnail/sci799.png,42,23,3,122,0.6462,0.024,2.35,5.88,2.2,6.55,3,4.1,4.5,3.9,4.1,4.7
sci532.png,I1011,http://web.cse.ohio-state.edu/~li.8950/data/image/sscivis1K/sci532.png,http://web.cse.ohio-state.edu/~li.8950/data/image/thumbnail/sci532.png,49,26,4,151,0.6533,0.0258,2.34,8.27,6.97,6.44,3,4.8,5.5,3.8,3.2,4.6
sci3.png,I915,http://web.cse.ohio-state.edu/~li.8950/data/image/sscivis1K/sci3.png,http://web.cse.ohio-state.edu/~li.8950/data/image/thumbnail/sci3.png,46,29,3,144,0.6133,0.0204,2.33,5.06,2.74,1.62,2,3.6,4.3,5.1,4.2,4.8
sci78.png,I930,http://web.cse.ohio-state.edu/~li.8950/data/image/sscivis1K/sci78.png,http://web.cse.ohio-state.edu/~li.8950/data/image/thumbnail/sci78.png,48,15,7,125,0.7619,0.053,2.33,5.64,6.44,1.83,4,5,4.8,4.2,4.2,4.1
sci187.png,I951,http://web.cse.ohio-state.edu/~li.8950/data/image/sscivis1K/sci187.png,http://web.cse.ohio-state.edu/~li.8950/data/image/thumbnail/sci187.png,28,34,1,140,0.4516,0.0071,2.33,14.05,5.08,2.68,1,4.4,4.5,4.5,4.4,5
sci1072.png,I1132,http://web.cse.ohio-state.edu/~li.8950/data/image/sscivis1K/sci1072.png,http://web.cse.ohio-state.edu/~li.8950/data/image/thumbnail/sci1072.png,50,12,9,116,0.8065,0.072,2.33,11.61,6.35,5.71,2,4.1,4.3,4,5.4,4.2
sci330.png,I973,http://web.cse.ohio-state.edu/~li.8950/data/image/sscivis1K/sci330.png,http://web.cse.ohio-state.edu/~li.8950/data/image/thumbnail/sci330.png,63,19,8,135,0.7683,0.0559,2.32,7.84,5.92,2.15,3,4.7,4.7,4.1,4.1,4.6
sci717.png,I1056,http://web.cse.ohio-state.edu/~li.8950/data/image/sscivis1K/sci717.png,http://web.cse.ohio-state.edu/~li.8950/data/image/thumbnail/sci717.png,32,42,1,154,0.4324,0.0065,2.31,6.89,5.54,1.56,2,5,4.9,4.9,4,5.4
sci1000.png,I1123,http://web.cse.ohio-state.edu/~li.8950/data/image/sscivis1K/sci1000.png,http://web.cse.ohio-state.edu/~li.8950/data/image/thumbnail/sci1000.png,30,17,3,112,0.6383,0.0261,2.3,9.48,6.03,4.9,4,5.1,4.8,4.1,4.1,4.8
sci819.png,I1084,http://web.cse.ohio-state.edu/~li.8950/data/image/sscivis1K/sci819.png,http://web.cse.ohio-state.edu/~li.8950/data/image/thumbnail/sci819.png,55,27,5,147,0.6707,0.0329,2.28,3.01,1.5,4.53,2,4.2,4.2,4.3,3.1,4
sci432.png,I994,http://web.cse.ohio-state.edu/~li.8950/data/image/sscivis1K/sci432.png,http://web.cse.ohio-state.edu/~li.8950/data/image/thumbnail/sci432.png,49,29,4,144,0.6282,0.027,2.25,4.56,5.7,2.83,4,4.7,6.2,4.8,4.2,4.3
sci559.png,I1019,http://web.cse.ohio-state.edu/~li.8950/data/image/sscivis1K/sci559.png,http://web.cse.ohio-state.edu/~li.8950/data/image/thumbnail/sci559.png,36,33,2,135,0.5217,0.0146,2.24,5.66,4.32,2.81,7,5.6,4.7,5.1,4.9,4.7
sci1089.png,I1134,http://web.cse.ohio-state.edu/~li.8950/data/image/sscivis1K/sci1089.png,http://web.cse.ohio-state.edu/~li.8950/data/image/thumbnail/sci1089.png,43,30,3,133,0.589,0.0221,2.24,2.81,2.67,1.94,2,3.6,4.2,4.2,3.2,4.1
sci312.png,I970,http://web.cse.ohio-state.edu/~li.8950/data/image/sscivis1K/sci312.png,http://web.cse.ohio-state.edu/~li.8950/data/image/thumbnail/sci312.png,39,40,2,147,0.4937,0.0134,2.2,11.05,5.91,6.62,3,4.6,5.1,4.8,5.7,5.4
sci665.png,I1044,http://web.cse.ohio-state.edu/~li.8950/data/image/sscivis1K/sci665.png,http://web.cse.ohio-state.edu/~li.8950/data/image/thumbnail/sci665.png,52,21,7,133,0.7123,0.05,2.2,5.11,5.59,3.05,2,5.7,5.7,6.1,5,5.2
sci380.png,I977,http://web.cse.ohio-state.edu/~li.8950/data/image/sscivis1K/sci380.png,http://web.cse.ohio-state.edu/~li.8950/data/image/thumbnail/sci380.png,40,31,3,139,0.5634,0.0211,2.19,18.89,7.4,8.21,4,4.1,5,4.6,4.7,4.7
sci723.png,I1057,http://web.cse.ohio-state.edu/~li.8950/data/image/sscivis1K/sci723.png,http://web.cse.ohio-state.edu/~li.8950/data/image/thumbnail/sci723.png,62,17,12,132,0.7848,0.0833,2.17,28.71,6.44,3.13,1,4.1,4.8,4.1,4.2,4.4
sci735.png,I1059,http://web.cse.ohio-state.edu/~li.8950/data/image/sscivis1K/sci735.png,http://web.cse.ohio-state.edu/~li.8950/data/image/thumbnail/sci735.png,42,21,6,138,0.6667,0.0417,2.16,3.99,3.6,2.65,3,4.3,4.8,4.8,4.2,4.5
sci557.png,I1017,http://web.cse.ohio-state.edu/~li.8950/data/image/sscivis1K/sci557.png,http://web.cse.ohio-state.edu/~li.8950/data/image/thumbnail/sci557.png,35,38,2,142,0.4795,0.0139,2.15,1.33,0.98,2.59,7,5.7,5.3,4.8,5.5,5
sci160.png,I946,http://web.cse.ohio-state.edu/~li.8950/data/image/sscivis1K/sci160.png,http://web.cse.ohio-state.edu/~li.8950/data/image/thumbnail/sci160.png,47,21,7,130,0.6912,0.0511,2.13,5.26,5.45,3.58,4,4,4.3,4.4,4.5,4.5
sci254.png,I963,http://web.cse.ohio-state.edu/~li.8950/data/image/sscivis1K/sci254.png,http://web.cse.ohio-state.edu/~li.8950/data/image/thumbnail/sci254.png,36,28,3,120,0.5625,0.0244,2.13,7.67,4.56,1.36,2,5.6,5.5,5.6,4.7,5.6
sci538.png,I1012,http://web.cse.ohio-state.edu/~li.8950/data/image/sscivis1K/sci538.png,http://web.cse.ohio-state.edu/~li.8950/data/image/thumbnail/sci538.png,37,21,5,127,0.6379,0.0379,2.13,5.4,5.21,4.25,2,3.8,4.6,4,2.9,4.3
sci705.png,I1054,http://web.cse.ohio-state.edu/~li.8950/data/image/sscivis1K/sci705.png,http://web.cse.ohio-state.edu/~li.8950/data/image/thumbnail/sci705.png,37,33,3,143,0.5286,0.0205,2.12,6.43,3.68,7.8,3,5.4,5.3,5.5,5.3,5.7
sci110.png,I937,http://web.cse.ohio-state.edu/~li.8950/data/image/sscivis1K/sci110.png,http://web.cse.ohio-state.edu/~li.8950/data/image/thumbnail/sci110.png,41,42,3,165,0.494,0.0179,2.08,4,4.18,2.25,4,4.8,5.2,5.2,4.4,4.7
sci333.png,I974,http://web.cse.ohio-state.edu/~li.8950/data/image/sscivis1K/sci333.png,http://web.cse.ohio-state.edu/~li.8950/data/image/thumbnail/sci333.png,32,37,2,133,0.4638,0.0148,2.08,2.15,4.91,1.62,2,3.8,4.6,4.4,4.4,4.5
sci39.png,I920,http://web.cse.ohio-state.edu/~li.8950/data/image/sscivis1K/sci39.png,http://web.cse.ohio-state.edu/~li.8950/data/image/thumbnail/sci39.png,28,54,1,150,0.3415,0.0066,2.07,6.36,3.38,3.29,5,3.7,4,4.3,4.4,4.5
sci848.png,I1091,http://web.cse.ohio-state.edu/~li.8950/data/image/sscivis1K/sci848.png,http://web.cse.ohio-state.edu/~li.8950/data/image/thumbnail/sci848.png,60,26,9,141,0.6977,0.06,2.07,19.7,6.65,2.68,2,3.3,3.8,3.5,4.5,3.8
sci41.png,I921,http://web.cse.ohio-state.edu/~li.8950/data/image/sscivis1K/sci41.png,http://web.cse.ohio-state.edu/~li.8950/data/image/thumbnail/sci41.png,26,52,1,148,0.3333,0.0067,2.04,5.29,2.67,3.3,4,3.3,3.9,4.6,4.6,4.6
sci873.png,I1099,http://web.cse.ohio-state.edu/~li.8950/data/image/sscivis1K/sci873.png,http://web.cse.ohio-state.edu/~li.8950/data/image/thumbnail/sci873.png,32,42,2,145,0.4324,0.0136,2.04,5.01,6.88,3.78,4,3.5,2.3,4.6,5.9,5.7
sci1035.png,I1127,http://web.cse.ohio-state.edu/~li.8950/data/image/sscivis1K/sci1035.png,http://web.cse.ohio-state.edu/~li.8950/data/image/thumbnail/sci1035.png,53,25,8,131,0.6795,0.0576,2.04,10.35,4.23,3.65,6,4.9,4.9,4.2,4.7,4.7
sci397.png,I985,http://web.cse.ohio-state.edu/~li.8950/data/image/sscivis1K/sci397.png,http://web.cse.ohio-state.edu/~li.8950/data/image/thumbnail/sci397.png,42,45,3,153,0.4828,0.0192,2.03,11.69,5.15,5.3,3,3.9,3.6,3.3,3.9,3.9
sci593.png,I1027,http://web.cse.ohio-state.edu/~li.8950/data/image/sscivis1K/sci593.png,http://web.cse.ohio-state.edu/~li.8950/data/image/thumbnail/sci593.png,32,44,2,148,0.4211,0.0133,2.02,4.98,3.73,4.09,2,4.7,4.9,4.9,4.9,4.8
sci693.png,I1050,http://web.cse.ohio-state.edu/~li.8950/data/image/sscivis1K/sci693.png,http://web.cse.ohio-state.edu/~li.8950/data/image/thumbnail/sci693.png,37,38,3,142,0.4933,0.0207,2.02,5.78,3.19,4.49,4,5.4,5,5.4,4.2,5.3
sci551.png,I1015,http://web.cse.ohio-state.edu/~li.8950/data/image/sscivis1K/sci551.png,http://web.cse.ohio-state.edu/~li.8950/data/image/thumbnail/sci551.png,41,37,4,151,0.5256,0.0258,2.01,12.26,4.71,3.04,3,5.2,4.4,5.1,5.2,5.3
sci103.png,I936,http://web.cse.ohio-state.edu/~li.8950/data/image/sscivis1K/sci103.png,http://web.cse.ohio-state.edu/~li.8950/data/image/thumbnail/sci103.png,29,41,2,149,0.4143,0.0132,2,15.87,6.76,7.68,2,4.5,4.8,4.5,5.1,5.2
sci505.png,I1008,http://web.cse.ohio-state.edu/~li.8950/data/image/sscivis1K/sci505.png,http://web.cse.ohio-state.edu/~li.8950/data/image/thumbnail/sci505.png,47,27,7,137,0.6351,0.0486,2,3.36,2.5,2.77,3,4.4,4.1,3.9,4.4,4.1
sci657.png,I1043,http://web.cse.ohio-state.edu/~li.8950/data/image/sscivis1K/sci657.png,http://web.cse.ohio-state.edu/~li.8950/data/image/thumbnail/sci657.png,39,29,5,125,0.5735,0.0385,1.95,5.38,5.15,2.82,3,5.3,5.1,5.4,5.2,5.6
sci475.png,I1004,http://web.cse.ohio-state.edu/~li.8950/data/image/sscivis1K/sci475.png,http://web.cse.ohio-state.edu/~li.8950/data/image/thumbnail/sci475.png,36,34,4,138,0.5143,0.0282,1.94,8.49,2.58,5.24,2,3.9,3.9,4.4,4.6,4.4
sci859.png,I1095,http://web.cse.ohio-state.edu/~li.8950/data/image/sscivis1K/sci859.png,http://web.cse.ohio-state.edu/~li.8950/data/image/thumbnail/sci859.png,49,23,12,152,0.6806,0.0732,1.92,5.5,4.76,2.4,2,3.9,3.3,3.6,2,4.5
sci587.png,I1025,http://web.cse.ohio-state.edu/~li.8950/data/image/sscivis1K/sci587.png,http://web.cse.ohio-state.edu/~li.8950/data/image/thumbnail/sci587.png,33,22,7,138,0.6,0.0483,1.91,9.12,4.67,3.73,3,4.6,5.2,5.1,5.2,5
sci72.png,I928,http://web.cse.ohio-state.edu/~li.8950/data/image/sscivis1K/sci72.png,http://web.cse.ohio-state.edu/~li.8950/data/image/thumbnail/sci72.png,36,35,4,129,0.507,0.0301,1.9,7.82,7.21,3.22,3,4.5,4.4,4.4,5.2,4.8
sci704.png,I1053,http://web.cse.ohio-state.edu/~li.8950/data/image/sscivis1K/sci704.png,http://web.cse.ohio-state.edu/~li.8950/data/image/thumbnail/sci704.png,44,28,8,144,0.6111,0.0526,1.9,7.39,4.98,8.61,3,5.6,5.3,5.7,5.1,5.9
sci736.png,I1060,http://web.cse.ohio-state.edu/~li.8950/data/image/sscivis1K/sci736.png,http://web.cse.ohio-state.edu/~li.8950/data/image/thumbnail/sci736.png,40,26,8,139,0.6061,0.0544,1.87,9.75,5.38,3.54,3,4.2,4.8,4.8,4.7,4.4
sci418.png,I990,http://web.cse.ohio-state.edu/~li.8950/data/image/sscivis1K/sci418.png,http://web.cse.ohio-state.edu/~li.8950/data/image/thumbnail/sci418.png,36,39,4,140,0.48,0.0278,1.86,5.09,5.95,1.81,2,5,5.3,5.3,3.6,4.6
sci303.png,I969,http://web.cse.ohio-state.edu/~li.8950/data/image/sscivis1K/sci303.png,http://web.cse.ohio-state.edu/~li.8950/data/image/thumbnail/sci303.png,38,30,6,130,0.5588,0.0441,1.85,3.2,6.81,2.21,7,5,5.4,5.4,5.3,5.7
sci483.png,I1005,http://web.cse.ohio-state.edu/~li.8950/data/image/sscivis1K/sci483.png,http://web.cse.ohio-state.edu/~li.8950/data/image/thumbnail/sci483.png,23,41,2,144,0.3594,0.0137,1.85,9.8,4.81,3.3,2,4.2,4.1,4,3.9,4.3
sci711.png,I1055,http://web.cse.ohio-state.edu/~li.8950/data/image/sscivis1K/sci711.png,http://web.cse.ohio-state.edu/~li.8950/data/image/thumbnail/sci711.png,46,31,8,132,0.5974,0.0571,1.83,5.9,4.9,1.9,1,4.4,4.1,4,3.9,4
sci38.png,I919,http://web.cse.ohio-state.edu/~li.8950/data/image/sscivis1K/sci38.png,http://web.cse.ohio-state.edu/~li.8950/data/image/thumbnail/sci38.png,34,41,4,145,0.4533,0.0268,1.81,11.86,3.96,5.75,4,3.3,4,4.9,4.5,5.2
sci388.png,I979,http://web.cse.ohio-state.edu/~li.8950/data/image/sscivis1K/sci388.png,http://web.cse.ohio-state.edu/~li.8950/data/image/thumbnail/sci388.png,38,35,6,147,0.5205,0.0392,1.81,5.08,2.49,2.39,4,5.8,5.6,5.4,5,6.2
sci544.png,I1014,http://web.cse.ohio-state.edu/~li.8950/data/image/sscivis1K/sci544.png,http://web.cse.ohio-state.edu/~li.8950/data/image/thumbnail/sci544.png,53,26,13,140,0.6709,0.085,1.81,4.74,2.23,4.85,3,4,4.8,3.6,3.3,5.1
sci862.png,I1096,http://web.cse.ohio-state.edu/~li.8950/data/image/sscivis1K/sci862.png,http://web.cse.ohio-state.edu/~li.8950/data/image/thumbnail/sci862.png,42,38,6,140,0.525,0.0411,1.8,8.19,4.04,5.15,3,2.8,3.4,3.6,4.9,4.9
sci273.png,I966,http://web.cse.ohio-state.edu/~li.8950/data/image/sscivis1K/sci273.png,http://web.cse.ohio-state.edu/~li.8950/data/image/thumbnail/sci273.png,25,52,2,151,0.3247,0.0131,1.77,7.86,6.96,3.36,4,3.9,4.6,4,4.4,4.2
sci953.png,I1120,http://web.cse.ohio-state.edu/~li.8950/data/image/sscivis1K/sci953.png,http://web.cse.ohio-state.edu/~li.8950/data/image/thumbnail/sci953.png,55,14,23,109,0.7971,0.1742,1.77,5.22,4.94,3.58,5,4.4,5.1,5,3.8,4.7
sci163.png,I947,http://web.cse.ohio-state.edu/~li.8950/data/image/sscivis1K/sci163.png,http://web.cse.ohio-state.edu/~li.8950/data/image/thumbnail/sci163.png,45,42,7,151,0.5172,0.0443,1.75,7.29,5.84,6.91,3,4.1,4.6,4.4,4.6,4.7
sci843.png,I1089,http://web.cse.ohio-state.edu/~li.8950/data/image/sscivis1K/sci843.png,http://web.cse.ohio-state.edu/~li.8950/data/image/thumbnail/sci843.png,36,41,5,144,0.4675,0.0336,1.75,2.7,5.66,2.55,3,3.7,3,4.5,4,5.1
sci890.png,I1105,http://web.cse.ohio-state.edu/~li.8950/data/image/sscivis1K/sci890.png,http://web.cse.ohio-state.edu/~li.8950/data/image/thumbnail/sci890.png,44,38,7,136,0.5366,0.049,1.75,12.62,4.4,6.75,4,2.3,2.9,3.2,6,5.4
sci499.png,I1006,http://web.cse.ohio-state.edu/~li.8950/data/image/sscivis1K/sci499.png,http://web.cse.ohio-state.edu/~li.8950/data/image/thumbnail/sci499.png,38,28,8,123,0.5758,0.0611,1.74,9.07,5.16,3.9,5,4.4,4,4,4.3,5.1
sci884.png,I1102,http://web.cse.ohio-state.edu/~li.8950/data/image/sscivis1K/sci884.png,http://web.cse.ohio-state.edu/~li.8950/data/image/thumbnail/sci884.png,55,21,19,131,0.7237,0.1267,1.74,6.59,5.72,4.65,5,4,4.6,5.1,4.5,5.8
sci620.png,I1036,http://web.cse.ohio-state.edu/~li.8950/data/image/sscivis1K/sci620.png,http://web.cse.ohio-state.edu/~li.8950/data/image/thumbnail/sci620.png,50,32,11,139,0.6098,0.0733,1.73,16.92,5.54,4.9,2,5.6,5.3,5.3,5.9,5.5
sci399.png,I986,http://web.cse.ohio-state.edu/~li.8950/data/image/sscivis1K/sci399.png,http://web.cse.ohio-state.edu/~li.8950/data/image/thumbnail/sci399.png,38,29,8,124,0.5672,0.0606,1.72,12.35,6,6.71,3,4.7,5.3,4.9,5.4,5
sci68.png,I926,http://web.cse.ohio-state.edu/~li.8950/data/image/sscivis1K/sci68.png,http://web.cse.ohio-state.edu/~li.8950/data/image/thumbnail/sci68.png,28,40,4,136,0.4118,0.0286,1.68,7.64,6.21,2.75,6,4.1,4.7,4.7,4.6,4.4
sci383.png,I978,http://web.cse.ohio-state.edu/~li.8950/data/image/sscivis1K/sci383.png,http://web.cse.ohio-state.edu/~li.8950/data/image/thumbnail/sci383.png,26,49,3,149,0.3467,0.0197,1.67,17.93,7.11,7.73,3,4.7,4.1,4.9,4.4,5.2
sci651.png,I1041,http://web.cse.ohio-state.edu/~li.8950/data/image/sscivis1K/sci651.png,http://web.cse.ohio-state.edu/~li.8950/data/image/thumbnail/sci651.png,40,28,10,126,0.5882,0.0735,1.67,16.16,6.02,3.33,1,5.4,5.3,6.1,4.8,5.4
sci801.png,I1077,http://web.cse.ohio-state.edu/~li.8950/data/image/sscivis1K/sci801.png,http://web.cse.ohio-state.edu/~li.8950/data/image/thumbnail/sci801.png,51,17,23,120,0.75,0.1608,1.67,8.5,4.9,4.3,3,3.3,4.6,3.7,4.4,4.1
sci812.png,I1081,http://web.cse.ohio-state.edu/~li.8950/data/image/sscivis1K/sci812.png,http://web.cse.ohio-state.edu/~li.8950/data/image/thumbnail/sci812.png,45,23,15,124,0.6618,0.1079,1.66,3.25,2.25,3.38,2,3.4,3.4,3.7,3.1,4.4
sci394.png,I983,http://web.cse.ohio-state.edu/~li.8950/data/image/sscivis1K/sci394.png,http://web.cse.ohio-state.edu/~li.8950/data/image/thumbnail/sci394.png,33,43,5,135,0.4342,0.0357,1.64,8.79,5.79,3.77,2,4.7,5.1,4.3,5.3,4.1
sci865.png,I1097,http://web.cse.ohio-state.edu/~li.8950/data/image/sscivis1K/sci865.png,http://web.cse.ohio-state.edu/~li.8950/data/image/thumbnail/sci865.png,36,42,6,141,0.4615,0.0408,1.64,8.7,6.98,3.35,7,4.4,4.6,4.5,4.6,5.9
sci684.png,I1047,http://web.cse.ohio-state.edu/~li.8950/data/image/sscivis1K/sci684.png,http://web.cse.ohio-state.edu/~li.8950/data/image/thumbnail/sci684.png,31,38,6,141,0.4493,0.0408,1.61,7.26,3.92,5.77,3,5.9,4.8,5.4,5,5.5
sci845.png,I1090,http://web.cse.ohio-state.edu/~li.8950/data/image/sscivis1K/sci845.png,http://web.cse.ohio-state.edu/~li.8950/data/image/thumbnail/sci845.png,31,43,5,140,0.4189,0.0345,1.61,12.57,5,2.29,2,3.3,4.9,4.1,4.2,3.6
sci675.png,I1045,http://web.cse.ohio-state.edu/~li.8950/data/image/sscivis1K/sci675.png,http://web.cse.ohio-state.edu/~li.8950/data/image/thumbnail/sci675.png,34,39,7,135,0.4658,0.0493,1.57,3.06,6.04,2.84,3,5.7,5,6,4.7,5.6
sci754.png,I1067,http://web.cse.ohio-state.edu/~li.8950/data/image/sscivis1K/sci754.png,http://web.cse.ohio-state.edu/~li.8950/data/image/thumbnail/sci754.png,39,23,16,130,0.629,0.1096,1.56,7.81,1.88,3.86,3,3.5,3.6,3.3,3.5,3.7
sci811.png,I1080,http://web.cse.ohio-state.edu/~li.8950/data/image/sscivis1K/sci811.png,http://web.cse.ohio-state.edu/~li.8950/data/image/thumbnail/sci811.png,34,41,8,158,0.4533,0.0482,1.55,5.22,3.6,3.24,3,4.4,4.2,4.3,2.9,4.4
sci932.png,I1114,http://web.cse.ohio-state.edu/~li.8950/data/image/sscivis1K/sci932.png,http://web.cse.ohio-state.edu/~li.8950/data/image/thumbnail/sci932.png,20,42,3,128,0.3226,0.0229,1.54,18.25,5.29,9.63,4,3.4,3.6,4.1,5,5.4
sci640.png,I1039,http://web.cse.ohio-state.edu/~li.8950/data/image/sscivis1K/sci640.png,http://web.cse.ohio-state.edu/~li.8950/data/image/thumbnail/sci640.png,37,31,12,141,0.5441,0.0784,1.53,9.21,5.76,7.32,4,5.3,5,5.8,4.9,5.6
sci466.png,I1003,http://web.cse.ohio-state.edu/~li.8950/data/image/sscivis1K/sci466.png,http://web.cse.ohio-state.edu/~li.8950/data/image/thumbnail/sci466.png,35,36,9,134,0.493,0.0629,1.51,11.7,5.26,3.69,2,4.2,4.2,3.9,4.6,3.8
sci852.png,I1093,http://web.cse.ohio-state.edu/~li.8950/data/image/sscivis1K/sci852.png,http://web.cse.ohio-state.edu/~li.8950/data/image/thumbnail/sci852.png,42,35,11,125,0.5455,0.0809,1.51,13.97,5.36,5.87,2,2.3,3.1,4.1,4.2,3.8
sci879.png,I1100,http://web.cse.ohio-state.edu/~li.8950/data/image/sscivis1K/sci879.png,http://web.cse.ohio-state.edu/~li.8950/data/image/thumbnail/sci879.png,30,43,6,136,0.411,0.0423,1.5,7.48,3.8,7.38,5,3.4,3,3.7,5.3,5.2
sci390.png,I981,http://web.cse.ohio-state.edu/~li.8950/data/image/sscivis1K/sci390.png,http://web.cse.ohio-state.edu/~li.8950/data/image/thumbnail/sci390.png,36,40,9,141,0.4737,0.06,1.49,3.27,1.58,2.63,2,4.8,4.6,4.8,5,4.9
sci867.png,I1098,http://web.cse.ohio-state.edu/~li.8950/data/image/sscivis1K/sci867.png,http://web.cse.ohio-state.edu/~li.8950/data/image/thumbnail/sci867.png,22,54,3,145,0.2895,0.0203,1.49,10.6,7.09,4.47,3,4.2,4.5,4.4,5,5.3
sci737.png,I1061,http://web.cse.ohio-state.edu/~li.8950/data/image/sscivis1K/sci737.png,http://web.cse.ohio-state.edu/~li.8950/data/image/thumbnail/sci737.png,32,43,7,138,0.4267,0.0483,1.48,4.62,4.32,2.67,3,4.3,4.7,4,4.7,4.6
sci792.png,I1073,http://web.cse.ohio-state.edu/~li.8950/data/image/sscivis1K/sci792.png,http://web.cse.ohio-state.edu/~li.8950/data/image/thumbnail/sci792.png,35,31,11,127,0.5303,0.0797,1.48,4.14,3.54,2.94,3,3.7,4.3,4.1,4.2,4.7
sci796.png,I1074,http://web.cse.ohio-state.edu/~li.8950/data/image/sscivis1K/sci796.png,http://web.cse.ohio-state.edu/~li.8950/data/image/thumbnail/sci796.png,37,41,9,137,0.4744,0.0616,1.48,15.94,6.79,6.63,3,4.1,4.2,4,4.5,4.4
sci84.png,I931,http://web.cse.ohio-state.edu/~li.8950/data/image/sscivis1K/sci84.png,http://web.cse.ohio-state.edu/~li.8950/data/image/thumbnail/sci84.png,28,42,6,135,0.4,0.0426,1.47,7.83,4.8,2.44,3,3.4,3.7,3.8,4.7,4.2
sci325.png,I971,http://web.cse.ohio-state.edu/~li.8950/data/image/sscivis1K/sci325.png,http://web.cse.ohio-state.edu/~li.8950/data/image/thumbnail/sci325.png,24,67,3,161,0.2637,0.0183,1.46,11.58,5.35,3.48,3,4.7,5.3,4.8,5.1,5
sci47.png,I922,http://web.cse.ohio-state.edu/~li.8950/data/image/sscivis1K/sci47.png,http://web.cse.ohio-state.edu/~li.8950/data/image/thumbnail/sci47.png,25,57,4,158,0.3049,0.0247,1.45,3.76,2.35,2.32,5,3,3.7,3.9,3.8,4.1
sci395.png,I984,http://web.cse.ohio-state.edu/~li.8950/data/image/sscivis1K/sci395.png,http://web.cse.ohio-state.edu/~li.8950/data/image/thumbnail/sci395.png,28,53,5,150,0.3457,0.0323,1.45,11.41,5.99,3.2,4,5.8,5.4,5.9,4.8,6.4
sci440.png,I996,http://web.cse.ohio-state.edu/~li.8950/data/image/sscivis1K/sci440.png,http://web.cse.ohio-state.edu/~li.8950/data/image/thumbnail/sci440.png,29,46,6,139,0.3867,0.0414,1.45,4.25,3.93,4.18,4,4.2,4.4,4,3.8,5
sci1106.png,I1135,http://web.cse.ohio-state.edu/~li.8950/data/image/sscivis1K/sci1106.png,http://web.cse.ohio-state.edu/~li.8950/data/image/thumbnail/sci1106.png,27,42,6,136,0.3913,0.0423,1.45,4.27,2.71,3.56,3,4.1,3.2,3.7,3.1,3.8
sci760.png,I1070,http://web.cse.ohio-state.edu/~li.8950/data/image/sscivis1K/sci760.png,http://web.cse.ohio-state.edu/~li.8950/data/image/thumbnail/sci760.png,38,29,14,124,0.5672,0.1014,1.44,11.8,3.99,5.17,5,4.6,5,5.1,4.9,5.8
sci153.png,I944,http://web.cse.ohio-state.edu/~li.8950/data/image/sscivis1K/sci153.png,http://web.cse.ohio-state.edu/~li.8950/data/image/thumbnail/sci153.png,35,39,10,138,0.473,0.0676,1.43,4.94,3.64,2.85,3,4.5,4.2,4.3,4.9,5.4
sci1064.png,I1130,http://web.cse.ohio-state.edu/~li.8950/data/image/sscivis1K/sci1064.png,http://web.cse.ohio-state.edu/~li.8950/data/image/thumbnail/sci1064.png,30,40,8,140,0.4286,0.0541,1.43,9.44,7.09,4.4,3,3.8,3.9,3.7,5,4.4
sci1107.png,I1136,http://web.cse.ohio-state.edu/~li.8950/data/image/sscivis1K/sci1107.png,http://web.cse.ohio-state.edu/~li.8950/data/image/thumbnail/sci1107.png,31,44,8,152,0.4133,0.05,1.43,10.97,6.86,6.45,3,3.3,3.8,3.9,5.1,4.3
sci459.png,I1001,http://web.cse.ohio-state.edu/~li.8950/data/image/sscivis1K/sci459.png,http://web.cse.ohio-state.edu/~li.8950/data/image/thumbnail/sci459.png,38,28,16,131,0.5758,0.1088,1.42,18.48,7.31,7,1,3,2.6,3.1,5.2,3.6
sci558.png,I1018,http://web.cse.ohio-state.edu/~li.8950/data/image/sscivis1K/sci558.png,http://web.cse.ohio-state.edu/~li.8950/data/image/thumbnail/sci558.png,29,43,7,140,0.4028,0.0476,1.42,5.78,3.89,2.65,7,4.9,4.1,4.3,5.1,4.2
sci951.png,I1118,http://web.cse.ohio-state.edu/~li.8950/data/image/sscivis1K/sci951.png,http://web.cse.ohio-state.edu/~li.8950/data/image/thumbnail/sci951.png,28,37,8,133,0.4308,0.0567,1.41,3.25,4.34,1.85,3,3.3,3.2,4.4,4,3.8
sci229.png,I959,http://web.cse.ohio-state.edu/~li.8950/data/image/sscivis1K/sci229.png,http://web.cse.ohio-state.edu/~li.8950/data/image/thumbnail/sci229.png,34,37,11,140,0.4789,0.0728,1.4,6.81,4.34,3.09,5,4.9,5.5,5.4,5.1,5.4
sci583.png,I1023,http://web.cse.ohio-state.edu/~li.8950/data/image/sscivis1K/sci583.png,http://web.cse.ohio-state.edu/~li.8950/data/image/thumbnail/sci583.png,46,41,15,149,0.5287,0.0915,1.4,7.59,5.05,2.09,3,4.5,5,5,5.6,4.5
sci750.png,I1065,http://web.cse.ohio-state.edu/~li.8950/data/image/sscivis1K/sci750.png,http://web.cse.ohio-state.edu/~li.8950/data/image/thumbnail/sci750.png,37,33,12,119,0.5286,0.0916,1.4,8.44,4.97,3.66,2,4.6,5.1,4.4,4.5,5.3
sci169.png,I949,http://web.cse.ohio-state.edu/~li.8950/data/image/sscivis1K/sci169.png,http://web.cse.ohio-state.edu/~li.8950/data/image/thumbnail/sci169.png,27,37,8,135,0.4219,0.0559,1.39,5.92,7.12,1.83,2,4.3,4.4,4.5,4.9,5.1
sci900.png,I1109,http://web.cse.ohio-state.edu/~li.8950/data/image/sscivis1K/sci900.png,http://web.cse.ohio-state.edu/~li.8950/data/image/thumbnail/sci900.png,24,38,7,142,0.3871,0.047,1.39,6.05,7.3,4.77,3,2.9,2.7,4.3,4.6,5.5
sci197.png,I953,http://web.cse.ohio-state.edu/~li.8950/data/image/sscivis1K/sci197.png,http://web.cse.ohio-state.edu/~li.8950/data/image/thumbnail/sci197.png,26,56,5,148,0.3171,0.0327,1.37,7.85,5.31,3.02,3,4.3,4.5,4.9,4.9,4.9
sci403.png,I987,http://web.cse.ohio-state.edu/~li.8950/data/image/sscivis1K/sci403.png,http://web.cse.ohio-state.edu/~li.8950/data/image/thumbnail/sci403.png,24,58,4,142,0.2927,0.0274,1.37,7.81,7.48,2.81,5,4.6,4.5,5,5.6,4.7
sci436.png,I995,http://web.cse.ohio-state.edu/~li.8950/data/image/sscivis1K/sci436.png,http://web.cse.ohio-state.edu/~li.8950/data/image/thumbnail/sci436.png,32,52,8,161,0.381,0.0473,1.37,13.86,6.83,4.5,2,3.1,4.6,3.9,4.8,4.5
sci617.png,I1033,http://web.cse.ohio-state.edu/~li.8950/data/image/sscivis1K/sci617.png,http://web.cse.ohio-state.edu/~li.8950/data/image/thumbnail/sci617.png,45,36,17,139,0.5556,0.109,1.37,10.99,4.87,4.78,3,5.5,5.3,4.9,5.1,4.8
sci1016.png,I1124,http://web.cse.ohio-state.edu/~li.8950/data/image/sscivis1K/sci1016.png,http://web.cse.ohio-state.edu/~li.8950/data/image/thumbnail/sci1016.png,30,35,9,117,0.4615,0.0714,1.37,9,4.93,2.09,2,3.5,3.4,4.5,4.4,4.3
sci444.png,I997,http://web.cse.ohio-state.edu/~li.8950/data/image/sscivis1K/sci444.png,http://web.cse.ohio-state.edu/~li.8950/data/image/thumbnail/sci444.png,31,36,10,126,0.4627,0.0735,1.36,5.54,5.06,2.09,3,4.1,4,4,3.7,4.8
sci770.png,I1071,http://web.cse.ohio-state.edu/~li.8950/data/image/sscivis1K/sci770.png,http://web.cse.ohio-state.edu/~li.8950/data/image/thumbnail/sci770.png,30,48,8,155,0.3846,0.0491,1.36,13.25,5.79,5.14,2,3.4,4,3.6,3.4,4
sci584.png,I1024,http://web.cse.ohio-state.edu/~li.8950/data/image/sscivis1K/sci584.png,http://web.cse.ohio-state.edu/~li.8950/data/image/thumbnail/sci584.png,36,27,17,123,0.5714,0.1214,1.35,6.52,5.28,2.82,2,5.2,4.7,5.2,5.2,5
sci947.png,I1117,http://web.cse.ohio-state.edu/~li.8950/data/image/sscivis1K/sci947.png,http://web.cse.ohio-state.edu/~li.8950/data/image/thumbnail/sci947.png,37,43,11,133,0.4625,0.0764,1.34,10.89,5.89,5.97,3,4.5,4.1,4.6,5.1,4.8
sci462.png,I1002,http://web.cse.ohio-state.edu/~li.8950/data/image/sscivis1K/sci462.png,http://web.cse.ohio-state.edu/~li.8950/data/image/thumbnail/sci462.png,29,46,8,144,0.3867,0.0526,1.33,11.37,6.87,4.13,5,5.5,5.4,4.4,5.5,4.8
sci647.png,I1040,http://web.cse.ohio-state.edu/~li.8950/data/image/sscivis1K/sci647.png,http://web.cse.ohio-state.edu/~li.8950/data/image/thumbnail/sci647.png,31,30,12,113,0.5082,0.096,1.33,13.81,7.29,6.96,2,5.5,4.8,4.7,5.5,5.7
sci17.png,I916,http://web.cse.ohio-state.edu/~li.8950/data/image/sscivis1K/sci17.png,http://web.cse.ohio-state.edu/~li.8950/data/image/thumbnail/sci17.png,35,44,11,142,0.443,0.0719,1.32,5.42,4.7,2.49,5,3.4,4.1,5.2,4.3,5.1
sci686.png,I1049,http://web.cse.ohio-state.edu/~li.8950/data/image/sscivis1K/sci686.png,http://web.cse.ohio-state.edu/~li.8950/data/image/thumbnail/sci686.png,30,31,12,122,0.4918,0.0896,1.32,7.82,3.95,4.29,2,4.5,5.3,4.9,4.5,5.2
sci850.png,I1092,http://web.cse.ohio-state.edu/~li.8950/data/image/sscivis1K/sci850.png,http://web.cse.ohio-state.edu/~li.8950/data/image/thumbnail/sci850.png,29,46,8,138,0.3867,0.0548,1.31,16.97,6.75,2.54,2,3.5,3.8,4.3,4.9,3.9
sci1135.png,I1142,http://web.cse.ohio-state.edu/~li.8950/data/image/sscivis1K/sci1135.png,http://web.cse.ohio-state.edu/~li.8950/data/image/thumbnail/sci1135.png,20,56,4,151,0.2632,0.0258,1.31,5.82,5.59,2.93,4,3.8,3.1,4.4,3.4,4.3
sci748.png,I1063,http://web.cse.ohio-state.edu/~li.8950/data/image/sscivis1K/sci748.png,http://web.cse.ohio-state.edu/~li.8950/data/image/thumbnail/sci748.png,30,48,9,151,0.3846,0.0562,1.29,4.72,2.31,3.44,3,4.3,4.6,4.6,5,4.5
sci145.png,I943,http://web.cse.ohio-state.edu/~li.8950/data/image/sscivis1K/sci145.png,http://web.cse.ohio-state.edu/~li.8950/data/image/thumbnail/sci145.png,26,42,8,128,0.3824,0.0588,1.27,7.42,3.84,2.46,4,4.3,4.7,4.4,4.5,5.1
sci328.png,I972,http://web.cse.ohio-state.edu/~li.8950/data/image/sscivis1K/sci328.png,http://web.cse.ohio-state.edu/~li.8950/data/image/thumbnail/sci328.png,26,54,6,136,0.325,0.0423,1.27,5.47,6.39,3.26,4,6.1,6.4,6.1,6.6,6.8
sci853.png,I1094,http://web.cse.ohio-state.edu/~li.8950/data/image/sscivis1K/sci853.png,http://web.cse.ohio-state.edu/~li.8950/data/image/thumbnail/sci853.png,39,28,21,122,0.5821,0.1469,1.26,12.01,6.03,6.06,4,3.3,3.4,3.8,4.9,4
sci894.png,I1106,http://web.cse.ohio-state.edu/~li.8950/data/image/sscivis1K/sci894.png,http://web.cse.ohio-state.edu/~li.8950/data/image/thumbnail/sci894.png,42,36,19,136,0.5385,0.1226,1.26,4.83,7.16,2.6,2,2.8,2.6,4.2,2.5,4.9
sci895.png,I1107,http://web.cse.ohio-state.edu/~li.8950/data/image/sscivis1K/sci895.png,http://web.cse.ohio-state.edu/~li.8950/data/image/thumbnail/sci895.png,35,40,13,132,0.4667,0.0897,1.26,1.19,2.09,2.44,2,3.9,2.7,4.4,2.4,4.9
sci75.png,I929,http://web.cse.ohio-state.edu/~li.8950/data/image/sscivis1K/sci75.png,http://web.cse.ohio-state.edu/~li.8950/data/image/thumbnail/sci75.png,15,54,3,139,0.2174,0.0211,1.25,6.85,6.18,2.2,3,3.1,3.7,4.2,4.4,3.8
sci501.png,I1007,http://web.cse.ohio-state.edu/~li.8950/data/image/sscivis1K/sci501.png,http://web.cse.ohio-state.edu/~li.8950/data/image/thumbnail/sci501.png,21,44,6,131,0.3231,0.0438,1.25,15.59,6.46,4.54,2,3.6,4.5,3.8,4.4,4.6
sci756.png,I1069,http://web.cse.ohio-state.edu/~li.8950/data/image/sscivis1K/sci756.png,http://web.cse.ohio-state.edu/~li.8950/data/image/thumbnail/sci756.png,37,31,18,123,0.5441,0.1277,1.25,14.54,5.12,3.57,3,4.8,4.6,4.9,4.6,4.8
sci267.png,I965,http://web.cse.ohio-state.edu/~li.8950/data/image/sscivis1K/sci267.png,http://web.cse.ohio-state.edu/~li.8950/data/image/thumbnail/sci267.png,25,38,9,126,0.3968,0.0667,1.24,7.36,7.63,2.95,5,5.1,5.6,5.5,5.6,5.8
sci809.png,I1079,http://web.cse.ohio-state.edu/~li.8950/data/image/sscivis1K/sci809.png,http://web.cse.ohio-state.edu/~li.8950/data/image/thumbnail/sci809.png,31,34,13,121,0.4769,0.097,1.24,7.91,4.57,4.67,3,3.6,4.6,4,3.9,4.5
sci99.png,I935,http://web.cse.ohio-state.edu/~li.8950/data/image/sscivis1K/sci99.png,http://web.cse.ohio-state.edu/~li.8950/data/image/thumbnail/sci99.png,39,26,22,112,0.6,0.1642,1.23,8.92,3.84,1.72,3,5.5,4.6,5.7,5.3,6.2
sci180.png,I950,http://web.cse.ohio-state.edu/~li.8950/data/image/sscivis1K/sci180.png,http://web.cse.ohio-state.edu/~li.8950/data/image/thumbnail/sci180.png,28,41,10,131,0.4058,0.0709,1.23,7.55,5.88,3.65,2,4.9,4.6,4.4,5.5,4.9
sci618.png,I1034,http://web.cse.ohio-state.edu/~li.8950/data/image/sscivis1K/sci618.png,http://web.cse.ohio-state.edu/~li.8950/data/image/thumbnail/sci618.png,38,29,20,118,0.5672,0.1449,1.23,15.31,6.55,6.75,2,5.5,5,5.5,5.4,5.1
sci994.png,I1122,http://web.cse.ohio-state.edu/~li.8950/data/image/sscivis1K/sci994.png,http://web.cse.ohio-state.edu/~li.8950/data/image/thumbnail/sci994.png,27,48,9,149,0.36,0.057,1.22,7.57,7.19,4.21,4,3.5,4.4,3.8,4.5,3.9
sci1028.png,I1126,http://web.cse.ohio-state.edu/~li.8950/data/image/sscivis1K/sci1028.png,http://web.cse.ohio-state.edu/~li.8950/data/image/thumbnail/sci1028.png,38,34,18,124,0.5278,0.1268,1.21,13.28,6.98,7.88,3,3.5,3.2,3.8,5.9,4.1
sci231.png,I960,http://web.cse.ohio-state.edu/~li.8950/data/image/sscivis1K/sci231.png,http://web.cse.ohio-state.edu/~li.8950/data/image/thumbnail/sci231.png,46,36,22,124,0.561,0.1507,1.19,4.3,4.01,1.73,2,4.8,5.3,5,5.3,5.3
sci678.png,I1046,http://web.cse.ohio-state.edu/~li.8950/data/image/sscivis1K/sci678.png,http://web.cse.ohio-state.edu/~li.8950/data/image/thumbnail/sci678.png,22,49,6,125,0.3099,0.0458,1.19,4.22,3.87,3.41,3,5.4,4.6,5.3,5.4,5.8
sci773.png,I1072,http://web.cse.ohio-state.edu/~li.8950/data/image/sscivis1K/sci773.png,http://web.cse.ohio-state.edu/~li.8950/data/image/thumbnail/sci773.png,16,69,3,157,0.1882,0.0188,1.19,9.4,6.51,10.38,5,4.4,4.8,4.6,4.8,5
sci1039.png,I1129,http://web.cse.ohio-state.edu/~li.8950/data/image/sscivis1K/sci1039.png,http://web.cse.ohio-state.edu/~li.8950/data/image/thumbnail/sci1039.png,31,44,12,139,0.4133,0.0795,1.19,7.96,5.6,4.37,3,3.8,4.5,4.1,4.5,4.5
sci98.png,I934,http://web.cse.ohio-state.edu/~li.8950/data/image/sscivis1K/sci98.png,http://web.cse.ohio-state.edu/~li.8950/data/image/thumbnail/sci98.png,34,33,18,128,0.5075,0.1233,1.18,14.46,5.47,4.6,7,3,4.1,5.3,5.7,4.9
sci134.png,I940,http://web.cse.ohio-state.edu/~li.8950/data/image/sscivis1K/sci134.png,http://web.cse.ohio-state.edu/~li.8950/data/image/thumbnail/sci134.png,25,48,10,162,0.3425,0.0581,1.17,6.63,5.5,1.39,2,4.5,4.8,4.8,5,4.9
sci552.png,I1016,http://web.cse.ohio-state.edu/~li.8950/data/image/sscivis1K/sci552.png,http://web.cse.ohio-state.edu/~li.8950/data/image/thumbnail/sci552.png,26,43,11,147,0.3768,0.0696,1.16,18.91,5.94,9.41,3,5.2,4.4,4.7,5.2,5.1
sci619.png,I1035,http://web.cse.ohio-state.edu/~li.8950/data/image/sscivis1K/sci619.png,http://web.cse.ohio-state.edu/~li.8950/data/image/thumbnail/sci619.png,50,40,25,136,0.5556,0.1553,1.15,11.22,6.18,5.7,2,5.4,5.6,5.3,5.1,5.5
sci837.png,I1088,http://web.cse.ohio-state.edu/~li.8950/data/image/sscivis1K/sci837.png,http://web.cse.ohio-state.edu/~li.8950/data/image/thumbnail/sci837.png,35,36,16,116,0.493,0.1212,1.15,19.74,6.09,3.41,3,3.6,3.9,4.2,4.8,4.8
sci749.png,I1064,http://web.cse.ohio-state.edu/~li.8950/data/image/sscivis1K/sci749.png,http://web.cse.ohio-state.edu/~li.8950/data/image/thumbnail/sci749.png,37,35,19,123,0.5139,0.1338,1.14,9.07,3.63,4.73,4,5.2,4.6,4.2,4.2,4.3
sci927.png,I1113,http://web.cse.ohio-state.edu/~li.8950/data/image/sscivis1K/sci927.png,http://web.cse.ohio-state.edu/~li.8950/data/image/thumbnail/sci927.png,49,27,32,113,0.6447,0.2207,1.14,6.08,5.26,2.51,4,2.7,3.4,3.5,5.3,4
sci204.png,I956,http://web.cse.ohio-state.edu/~li.8950/data/image/sscivis1K/sci204.png,http://web.cse.ohio-state.edu/~li.8950/data/image/thumbnail/sci204.png,26,50,9,135,0.3421,0.0625,1.13,4.73,4.66,2.03,4,4.8,4.4,5.3,5.2,5.5
sci743.png,I1062,http://web.cse.ohio-state.edu/~li.8950/data/image/sscivis1K/sci743.png,http://web.cse.ohio-state.edu/~li.8950/data/image/thumbnail/sci743.png,34,53,13,149,0.3908,0.0802,1.13,6.96,4.73,3.51,4,4.1,4.9,4.2,4.5,5.2
sci88.png,I932,http://web.cse.ohio-state.edu/~li.8950/data/image/sscivis1K/sci88.png,http://web.cse.ohio-state.edu/~li.8950/data/image/thumbnail/sci88.png,45,42,21,128,0.5172,0.1409,1.12,4.15,5.06,1.76,5,2.8,3.5,3.9,3.9,4.6
sci239.png,I961,http://web.cse.ohio-state.edu/~li.8950/data/image/sscivis1K/sci239.png,http://web.cse.ohio-state.edu/~li.8950/data/image/thumbnail/sci239.png,19,47,7,143,0.2879,0.0467,1.12,13.01,5.86,13.33,3,4.4,4.8,5.3,5.1,5.8
sci454.png,I1000,http://web.cse.ohio-state.edu/~li.8950/data/image/sscivis1K/sci454.png,http://web.cse.ohio-state.edu/~li.8950/data/image/thumbnail/sci454.png,28,53,10,144,0.3457,0.0649,1.12,8.7,7,3.51,1,2.9,2.9,3.4,5.4,3.9
sci1066.png,I1131,http://web.cse.ohio-state.edu/~li.8950/data/image/sscivis1K/sci1066.png,http://web.cse.ohio-state.edu/~li.8950/data/image/thumbnail/sci1066.png,28,33,13,105,0.459,0.1102,1.12,21.9,7.1,4.14,3,3.7,3.9,4.2,5.4,4.5
sci755.png,I1068,http://web.cse.ohio-state.edu/~li.8950/data/image/sscivis1K/sci755.png,http://web.cse.ohio-state.edu/~li.8950/data/image/thumbnail/sci755.png,46,25,33,109,0.6479,0.2324,1.11,14.7,3.93,6.53,4,4.1,4.1,4.5,5,4.5
sci359.png,I976,http://web.cse.ohio-state.edu/~li.8950/data/image/sscivis1K/sci359.png,http://web.cse.ohio-state.edu/~li.8950/data/image/thumbnail/sci359.png,32,49,14,145,0.3951,0.0881,1.09,11.77,5.54,8.43,6,5.2,4.5,5.3,5.2,4.7
sci807.png,I1078,http://web.cse.ohio-state.edu/~li.8950/data/image/sscivis1K/sci807.png,http://web.cse.ohio-state.edu/~li.8950/data/image/thumbnail/sci807.png,23,43,10,134,0.3485,0.0694,1.09,4.31,4.92,2.72,3,3.2,3.6,4.4,3.9,4
sci945.png,I1116,http://web.cse.ohio-state.edu/~li.8950/data/image/sscivis1K/sci945.png,http://web.cse.ohio-state.edu/~li.8950/data/image/thumbnail/sci945.png,33,41,17,137,0.4459,0.1104,1.09,10.86,5.28,6.49,3,3.9,4.5,4.6,4.6,5
sci625.png,I1037,http://web.cse.ohio-state.edu/~li.8950/data/image/sscivis1K/sci625.png,http://web.cse.ohio-state.edu/~li.8950/data/image/thumbnail/sci625.png,33,31,22,125,0.5156,0.1497,1.08,8.96,3,4.62,3,5,5.2,5.5,5,5.7
sci244.png,I962,http://web.cse.ohio-state.edu/~li.8950/data/image/sscivis1K/sci244.png,http://web.cse.ohio-state.edu/~li.8950/data/image/thumbnail/sci244.png,35,42,16,120,0.4545,0.1176,1.07,9.59,6.73,5.92,4,4.6,5.3,5.6,5.5,5.7
sci602.png,I1030,http://web.cse.ohio-state.edu/~li.8950/data/image/sscivis1K/sci602.png,http://web.cse.ohio-state.edu/~li.8950/data/image/thumbnail/sci602.png,28,46,13,142,0.3784,0.0839,1.07,5.3,5.86,3.07,4,4.7,5,5.2,5.7,5.5
sci1021.png,I1125,http://web.cse.ohio-state.edu/~li.8950/data/image/sscivis1K/sci1021.png,http://web.cse.ohio-state.edu/~li.8950/data/image/thumbnail/sci1021.png,25,41,11,121,0.3788,0.0833,1.07,9.17,4.18,4.28,4,3.7,4.3,4.5,4.4,4.4
sci818.png,I1083,http://web.cse.ohio-state.edu/~li.8950/data/image/sscivis1K/sci818.png,http://web.cse.ohio-state.edu/~li.8950/data/image/thumbnail/sci818.png,30,50,13,139,0.375,0.0855,1.05,3.62,2.58,3.7,4,3.8,3.9,3.8,3.4,4.4
sci887.png,I1104,http://web.cse.ohio-state.edu/~li.8950/data/image/sscivis1K/sci887.png,http://web.cse.ohio-state.edu/~li.8950/data/image/thumbnail/sci887.png,24,54,9,141,0.3077,0.06,1.05,6.01,5.68,3.74,5,2.8,3.2,4.4,5.4,4.9
sci25.png,I917,http://web.cse.ohio-state.edu/~li.8950/data/image/sscivis1K/sci25.png,http://web.cse.ohio-state.edu/~li.8950/data/image/thumbnail/sci25.png,17,61,5,137,0.2179,0.0352,1.03,5.92,6.17,1.95,3,2.8,4.3,4.2,4.6,4.4
sci610.png,I1031,http://web.cse.ohio-state.edu/~li.8950/data/image/sscivis1K/sci610.png,http://web.cse.ohio-state.edu/~li.8950/data/image/thumbnail/sci610.png,23,57,8,136,0.2875,0.0556,1.03,10.2,4.77,8.1,5,5.9,5.2,5.7,6,5.4
sci419.png,I991,http://web.cse.ohio-state.edu/~li.8950/data/image/sscivis1K/sci419.png,http://web.cse.ohio-state.edu/~li.8950/data/image/thumbnail/sci419.png,25,50,10,126,0.3333,0.0735,1.02,13.48,7.68,6.69,3,4.8,4.3,5.1,6,5.7
sci613.png,I1032,http://web.cse.ohio-state.edu/~li.8950/data/image/sscivis1K/sci613.png,http://web.cse.ohio-state.edu/~li.8950/data/image/thumbnail/sci613.png,48,24,42,109,0.6667,0.2781,1.02,8.82,3.11,4.92,2,4.7,4.9,5.5,5.2,5.3
sci883.png,I1101,http://web.cse.ohio-state.edu/~li.8950/data/image/sscivis1K/sci883.png,http://web.cse.ohio-state.edu/~li.8950/data/image/thumbnail/sci883.png,35,45,17,126,0.4375,0.1189,1.02,8.6,4.63,4.74,3,3.5,4.3,4,4.1,5.4
sci391.png,I982,http://web.cse.ohio-state.edu/~li.8950/data/image/sscivis1K/sci391.png,http://web.cse.ohio-state.edu/~li.8950/data/image/thumbnail/sci391.png,48,32,32,110,0.6,0.2254,1.01,8.28,4.25,3.41,3,5.3,5.1,4.9,4.8,5
sci800.png,I1076,http://web.cse.ohio-state.edu/~li.8950/data/image/sscivis1K/sci800.png,http://web.cse.ohio-state.edu/~li.8950/data/image/thumbnail/sci800.png,35,41,20,130,0.4605,0.1333,1.01,7.48,5.02,3.83,3,4.2,4.6,3.5,5.2,4
sci221.png,I958,http://web.cse.ohio-state.edu/~li.8950/data/image/sscivis1K/sci221.png,http://web.cse.ohio-state.edu/~li.8950/data/image/thumbnail/sci221.png,28,50,13,136,0.359,0.0872,1,5.45,3.19,5.9,4,4.3,4.7,5.1,5.3,4.9
sci137.png,I941,http://web.cse.ohio-state.edu/~li.8950/data/image/sscivis1K/sci137.png,http://web.cse.ohio-state.edu/~li.8950/data/image/thumbnail/sci137.png,27,42,14,122,0.3913,0.1029,0.99,15.18,7.4,4.3,3,4.7,5.8,5.8,5.5,5.5
sci142.png,I942,http://web.cse.ohio-state.edu/~li.8950/data/image/sscivis1K/sci142.png,http://web.cse.ohio-state.edu/~li.8950/data/image/thumbnail/sci142.png,24,44,11,117,0.3529,0.0859,0.99,15.33,6,1.84,2,3.7,4.3,4.1,4.1,3.9
sci266.png,I964,http://web.cse.ohio-state.edu/~li.8950/data/image/sscivis1K/sci266.png,http://web.cse.ohio-state.edu/~li.8950/data/image/thumbnail/sci266.png,26,49,12,130,0.3467,0.0845,0.98,14.06,7.73,3.02,4,4.9,5.2,5,5.2,5.6
sci638.png,I1038,http://web.cse.ohio-state.edu/~li.8950/data/image/sscivis1K/sci638.png,http://web.cse.ohio-state.edu/~li.8950/data/image/thumbnail/sci638.png,31,35,19,110,0.4697,0.1473,0.97,6.33,6.03,3.07,2,5.4,4.8,4.8,5.2,5.6
sci655.png,I1042,http://web.cse.ohio-state.edu/~li.8950/data/image/sscivis1K/sci655.png,http://web.cse.ohio-state.edu/~li.8950/data/image/thumbnail/sci655.png,26,41,15,129,0.3881,0.1042,0.97,8.58,4.28,6.98,4,4.8,4.8,5.7,5.3,5.8
sci405.png,I988,http://web.cse.ohio-state.edu/~li.8950/data/image/sscivis1K/sci405.png,http://web.cse.ohio-state.edu/~li.8950/data/image/thumbnail/sci405.png,28,42,16,126,0.4,0.1127,0.96,7.23,5.84,1.8,2,4.7,5.1,5.1,5.6,5.8
sci896.png,I1108,http://web.cse.ohio-state.edu/~li.8950/data/image/sscivis1K/sci896.png,http://web.cse.ohio-state.edu/~li.8950/data/image/thumbnail/sci896.png,27,48,13,125,0.36,0.0942,0.96,4.48,7.24,2.84,2,3.5,2.6,4.1,4.2,5.8
sci199.png,I955,http://web.cse.ohio-state.edu/~li.8950/data/image/sscivis1K/sci199.png,http://web.cse.ohio-state.edu/~li.8950/data/image/thumbnail/sci199.png,20,48,10,136,0.2941,0.0685,0.95,7.6,4.6,2.21,6,4.7,4.6,4.9,5.7,5
sci589.png,I1026,http://web.cse.ohio-state.edu/~li.8950/data/image/sscivis1K/sci589.png,http://web.cse.ohio-state.edu/~li.8950/data/image/thumbnail/sci589.png,28,37,18,120,0.4308,0.1304,0.95,7.8,5.66,2.98,3,5.6,4.8,4.9,5.2,5.3
sci389.png,I980,http://web.cse.ohio-state.edu/~li.8950/data/image/sscivis1K/sci389.png,http://web.cse.ohio-state.edu/~li.8950/data/image/thumbnail/sci389.png,12,51,5,140,0.1905,0.0345,0.94,16.71,7.44,5.28,3,4.7,4.1,5.4,4.8,5.6
sci411.png,I989,http://web.cse.ohio-state.edu/~li.8950/data/image/sscivis1K/sci411.png,http://web.cse.ohio-state.edu/~li.8950/data/image/thumbnail/sci411.png,20,52,9,134,0.2778,0.0629,0.94,11.91,6.19,5.71,3,4.3,5.2,4.9,5,5.2
sci195.png,I952,http://web.cse.ohio-state.edu/~li.8950/data/image/sscivis1K/sci195.png,http://web.cse.ohio-state.edu/~li.8950/data/image/thumbnail/sci195.png,19,49,9,130,0.2794,0.0647,0.93,3.1,7.1,2.66,3,4.3,4.7,4.2,5.2,5.1
sci695.png,I1051,http://web.cse.ohio-state.edu/~li.8950/data/image/sscivis1K/sci695.png,http://web.cse.ohio-state.edu/~li.8950/data/image/thumbnail/sci695.png,27,40,17,126,0.403,0.1189,0.93,3.05,4.51,1.84,4,5.6,5.3,5.8,5,5.4
sci952.png,I1119,http://web.cse.ohio-state.edu/~li.8950/data/image/sscivis1K/sci952.png,http://web.cse.ohio-state.edu/~li.8950/data/image/thumbnail/sci952.png,31,53,16,139,0.369,0.1032,0.93,8.9,5.26,3.71,3,4.2,3.9,4.5,4.3,4.1
sci294.png,I968,http://web.cse.ohio-state.edu/~li.8950/data/image/sscivis1K/sci294.png,http://web.cse.ohio-state.edu/~li.8950/data/image/thumbnail/sci294.png,25,48,14,137,0.3425,0.0927,0.92,8.08,6.98,3.56,3,4.7,5.5,5.1,5.7,5.3
sci601.png,I1029,http://web.cse.ohio-state.edu/~li.8950/data/image/sscivis1K/sci601.png,http://web.cse.ohio-state.edu/~li.8950/data/image/thumbnail/sci601.png,26,34,19,118,0.4333,0.1387,0.92,5.97,6.94,2.86,5,4.2,4.7,5.4,5,4.4
sci122.png,I938,http://web.cse.ohio-state.edu/~li.8950/data/image/sscivis1K/sci122.png,http://web.cse.ohio-state.edu/~li.8950/data/image/thumbnail/sci122.png,44,36,30,108,0.55,0.2174,0.91,7.18,5.46,3.19,5,4.9,5.1,5.2,4.7,5.9
sci732.png,I1058,http://web.cse.ohio-state.edu/~li.8950/data/image/sscivis1K/sci732.png,http://web.cse.ohio-state.edu/~li.8950/data/image/thumbnail/sci732.png,22,42,13,121,0.3438,0.097,0.9,7.29,3.11,5.56,3,4.4,3.6,4.1,4.3,3.9
sci1038.png,I1128,http://web.cse.ohio-state.edu/~li.8950/data/image/sscivis1K/sci1038.png,http://web.cse.ohio-state.edu/~li.8950/data/image/thumbnail/sci1038.png,28,36,20,116,0.4375,0.1471,0.89,4.67,2.85,5.09,6,3.3,3.5,4,4.9,4.4
sci1085.png,I1133,http://web.cse.ohio-state.edu/~li.8950/data/image/sscivis1K/sci1085.png,http://web.cse.ohio-state.edu/~li.8950/data/image/thumbnail/sci1085.png,31,47,19,130,0.3974,0.1275,0.88,5.74,4.1,3.84,3,4.2,4.3,3.5,4.2,4.1
sci49.png,I923,http://web.cse.ohio-state.edu/~li.8950/data/image/sscivis1K/sci49.png,http://web.cse.ohio-state.edu/~li.8950/data/image/thumbnail/sci49.png,24,55,13,139,0.3038,0.0855,0.86,4.77,3.04,1.54,3,3.6,3.8,3.9,4.3,4
sci90.png,I933,http://web.cse.ohio-state.edu/~li.8950/data/image/sscivis1K/sci90.png,http://web.cse.ohio-state.edu/~li.8950/data/image/thumbnail/sci90.png,27,50,16,135,0.3506,0.106,0.86,9.13,5.92,3,4,3.3,3.6,4.3,4.8,4.3
sci1114.png,I1139,http://web.cse.ohio-state.edu/~li.8950/data/image/sscivis1K/sci1114.png,http://web.cse.ohio-state.edu/~li.8950/data/image/thumbnail/sci1114.png,24,60,12,145,0.2857,0.0764,0.86,8.08,6.08,6.96,6,4.5,3.7,4.8,5.2,4.8
sci942.png,I1115,http://web.cse.ohio-state.edu/~li.8950/data/image/sscivis1K/sci942.png,http://web.cse.ohio-state.edu/~li.8950/data/image/thumbnail/sci942.png,22,47,15,143,0.3188,0.0949,0.84,12.99,6.38,4.06,3,4.1,4.1,3.8,4.1,5
sci1109.png,I1137,http://web.cse.ohio-state.edu/~li.8950/data/image/sscivis1K/sci1109.png,http://web.cse.ohio-state.edu/~li.8950/data/image/thumbnail/sci1109.png,28,57,16,144,0.3294,0.1,0.84,14.04,7.21,10.34,6,4.1,3.3,4.6,5,4.5
sci289.png,I967,http://web.cse.ohio-state.edu/~li.8950/data/image/sscivis1K/sci289.png,http://web.cse.ohio-state.edu/~li.8950/data/image/thumbnail/sci289.png,27,49,17,129,0.3553,0.1164,0.82,9.3,5.32,5.31,5,5,4.9,5.1,5.2,5.4
sci578.png,I1021,http://web.cse.ohio-state.edu/~li.8950/data/image/sscivis1K/sci578.png,http://web.cse.ohio-state.edu/~li.8950/data/image/thumbnail/sci578.png,13,47,8,135,0.2167,0.0559,0.81,10.69,5.69,4.02,6,3.9,5,5,5.2,4.5
sci831.png,I1085,http://web.cse.ohio-state.edu/~li.8950/data/image/sscivis1K/sci831.png,http://web.cse.ohio-state.edu/~li.8950/data/image/thumbnail/sci831.png,14,55,7,130,0.2029,0.0511,0.8,10.02,6.81,6.55,5,3.6,3.6,4,5.2,4.9
sci37.png,I918,http://web.cse.ohio-state.edu/~li.8950/data/image/sscivis1K/sci37.png,http://web.cse.ohio-state.edu/~li.8950/data/image/thumbnail/sci37.png,28,42,22,127,0.4,0.1477,0.79,6.31,4.32,3.17,3,3.3,4.2,4.1,4.7,4.4
sci529.png,I1010,http://web.cse.ohio-state.edu/~li.8950/data/image/sscivis1K/sci529.png,http://web.cse.ohio-state.edu/~li.8950/data/image/thumbnail/sci529.png,15,51,9,133,0.2273,0.0634,0.78,15.42,6.99,2.65,5,4,3.6,4.6,4.2,5.3
sci70.png,I927,http://web.cse.ohio-state.edu/~li.8950/data/image/sscivis1K/sci70.png,http://web.cse.ohio-state.edu/~li.8950/data/image/thumbnail/sci70.png,19,49,12,120,0.2794,0.0909,0.75,9.11,5.76,5.29,3,2.7,3.9,4.4,4.3,4.5
sci429.png,I993,http://web.cse.ohio-state.edu/~li.8950/data/image/sscivis1K/sci429.png,http://web.cse.ohio-state.edu/~li.8950/data/image/thumbnail/sci429.png,35,39,33,127,0.473,0.2062,0.75,3.5,3.94,2.7,3,4.2,4.9,4.4,4.9,5.5
sci525.png,I1009,http://web.cse.ohio-state.edu/~li.8950/data/image/sscivis1K/sci525.png,http://web.cse.ohio-state.edu/~li.8950/data/image/thumbnail/sci525.png,28,41,23,117,0.4058,0.1643,0.74,12.96,6.71,3.27,5,4.8,4.4,4.9,4.6,5.3
sci129.png,I939,http://web.cse.ohio-state.edu/~li.8950/data/image/sscivis1K/sci129.png,http://web.cse.ohio-state.edu/~li.8950/data/image/thumbnail/sci129.png,36,29,36,91,0.5538,0.2835,0.71,10.06,5.34,4.77,4,4.2,4.8,5.1,5,5
sci216.png,I957,http://web.cse.ohio-state.edu/~li.8950/data/image/sscivis1K/sci216.png,http://web.cse.ohio-state.edu/~li.8950/data/image/thumbnail/sci216.png,39,50,31,126,0.4382,0.1975,0.7,10.61,4.82,8.04,3,4.4,4.5,5.5,5.4,5.4
sci911.png,I1111,http://web.cse.ohio-state.edu/~li.8950/data/image/sscivis1K/sci911.png,http://web.cse.ohio-state.edu/~li.8950/data/image/thumbnail/sci911.png,15,52,11,140,0.2239,0.0728,0.7,7.04,5.07,4.02,4,2.3,3.5,4.1,4.7,5.6
sci908.png,I1110,http://web.cse.ohio-state.edu/~li.8950/data/image/sscivis1K/sci908.png,http://web.cse.ohio-state.edu/~li.8950/data/image/thumbnail/sci908.png,15,57,10,139,0.2083,0.0671,0.69,10.89,5.91,8.14,4,2.5,3.1,3.9,5.5,6.2
sci753.png,I1066,http://web.cse.ohio-state.edu/~li.8950/data/image/sscivis1K/sci753.png,http://web.cse.ohio-state.edu/~li.8950/data/image/thumbnail/sci753.png,24,45,20,115,0.3478,0.1481,0.65,10.34,5.78,6.45,4,5.1,5.6,4.6,5.5,5.3
sci981.png,I1121,http://web.cse.ohio-state.edu/~li.8950/data/image/sscivis1K/sci981.png,http://web.cse.ohio-state.edu/~li.8950/data/image/thumbnail/sci981.png,16,47,14,134,0.254,0.0946,0.65,9.12,6.27,5.51,7,3.4,3.2,4.4,5.6,4.9
sci449.png,I999,http://web.cse.ohio-state.edu/~li.8950/data/image/sscivis1K/sci449.png,http://web.cse.ohio-state.edu/~li.8950/data/image/thumbnail/sci449.png,18,55,14,129,0.2466,0.0979,0.61,4.83,3.84,4.15,3,3.4,4,4,5.5,4.8
sci1113.png,I1138,http://web.cse.ohio-state.edu/~li.8950/data/image/sscivis1K/sci1113.png,http://web.cse.ohio-state.edu/~li.8950/data/image/thumbnail/sci1113.png,17,46,15,116,0.2698,0.1145,0.59,4.5,3.35,3.16,4,3.5,3.5,4.4,3.8,4.1